-4.517701e+01,5.808594e+00,7.290135e+00,1.000000e+00
-4.473955e+01,3.502138e+00,1.530171e+01,1.000000e+00
-4.683730e+01,4.713276e+00,1.390320e+01,1.000000e+00
-4.758096e+01,5.142628e+00,1.278413e+01,1.000000e+00
-4.820789e+01,5.504585e+00,1.008243e+01,1.000000e+00
-4.804845e+01,5.412531e+00,8.683920e+00,1.000000e+00
-4.758096e+01,5.142628e+00,7.380720e+00,1.000000e+00
-4.683730e+01,4.713276e+00,6.261645e+00,1.000000e+00
-4.586816e+01,4.153740e+00,5.402940e+00,1.000000e+00
-4.352842e+01,2.802891e+00,4.679025e+00,1.000000e+00
-4.231728e+01,2.103622e+00,4.863150e+00,1.000000e+00
-3.947588e+01,4.631405e-01,7.380720e+00,1.000000e+00
-3.900839e+01,1.932373e-01,1.148092e+01,1.000000e+00
-3.947588e+01,4.631405e-01,1.278413e+01,1.000000e+00
-4.231727e+01,2.103636e+00,1.530171e+01,1.000000e+00
-4.365408e+01,2.760592e+00,1.969125e+01,1.000000e+00
-4.352842e+01,2.802877e+00,1.548582e+01,1.000000e+00
-4.779290e+01,5.150143e+00,1.841070e+01,1.000000e+00
-4.586816e+01,4.153740e+00,1.476190e+01,1.000000e+00
-5.164967e+01,7.376848e+00,1.260688e+01,1.000000e+00
-5.193173e+01,7.539696e+00,1.013304e+01,1.000000e+00
-5.082273e+01,6.899414e+00,5.353950e+00,1.000000e+00
-4.779290e+01,5.150143e+00,1.855395e+00,1.000000e+00
-4.473955e+01,3.502138e+00,4.863150e+00,1.000000e+00
-4.365408e+01,2.760592e+00,5.748450e-01,1.000000e+00
-4.151167e+01,1.523668e+00,9.005250e-01,1.000000e+00
-3.780090e+01,-6.187572e-01,3.374370e+00,1.000000e+00
-4.118869e+01,1.452030e+00,5.402940e+00,1.000000e+00
-4.021952e+01,8.924980e-01,6.261645e+00,1.000000e+00
-3.648543e+01,-1.378245e+00,5.353950e+00,1.000000e+00
-3.565849e+01,-1.855679e+00,7.659195e+00,1.000000e+00
-3.900839e+01,1.932373e-01,8.683920e+00,1.000000e+00
-3.884894e+01,1.011753e-01,1.008243e+01,1.000000e+00
-3.565849e+01,-1.855679e+00,1.260688e+01,1.000000e+00
-4.021952e+01,8.924847e-01,1.390320e+01,1.000000e+00
-3.780090e+01,-6.187572e-01,1.689171e+01,1.000000e+00
-4.118867e+01,1.452023e+00,1.476190e+01,1.000000e+00
-4.151167e+01,1.523655e+00,1.936557e+01,1.000000e+00
-4.564357e+01,4.803396e+00,2.037511e+01,1.000000e+00
-4.579649e+01,3.997513e+00,1.936557e+01,1.000000e+00
-4.976009e+01,7.180071e+00,1.763076e+01,1.000000e+00
-4.950726e+01,6.139927e+00,1.689172e+01,1.000000e+00
-5.082273e+01,6.899414e+00,1.491215e+01,1.000000e+00
-5.164967e+01,7.376848e+00,7.659195e+00,1.000000e+00
-4.950726e+01,6.139927e+00,3.374370e+00,1.000000e+00
-4.564357e+01,4.803396e+00,-1.090200e-01,1.000000e+00
-4.579649e+01,3.997513e+00,9.005250e-01,1.000000e+00
-3.951526e+01,3.710251e-01,1.855395e+00,1.000000e+00
-3.867549e+01,7.803745e-01,9.502650e-01,1.000000e+00
-3.531436e+01,-1.160176e+00,4.831365e+00,1.000000e+00
-3.439700e+01,-1.689811e+00,7.388685e+00,1.000000e+00
-3.408411e+01,-1.870463e+00,1.013304e+01,1.000000e+00
-3.537643e+01,-2.018527e+00,1.013304e+01,1.000000e+00
-3.439699e+01,-1.689818e+00,1.287739e+01,1.000000e+00
-3.531436e+01,-1.160176e+00,1.543473e+01,1.000000e+00
-3.648543e+01,-1.378245e+00,1.491215e+01,1.000000e+00
-3.677367e+01,-3.176413e-01,1.763076e+01,1.000000e+00
-3.951526e+01,3.710251e-01,1.841070e+01,1.000000e+00
-4.326689e+01,3.431219e+00,2.073642e+01,1.000000e+00
-4.785827e+01,6.082054e+00,1.931583e+01,1.000000e+00
-5.121942e+01,8.022614e+00,1.543473e+01,1.000000e+00
-5.213677e+01,8.552248e+00,1.287739e+01,1.000000e+00
-5.213677e+01,8.552248e+00,7.388700e+00,1.000000e+00
-4.976011e+01,7.180079e+00,2.635335e+00,1.000000e+00
-4.326689e+01,3.431219e+00,-4.703250e-01,1.000000e+00
-3.677367e+01,-3.176413e-01,2.635335e+00,1.000000e+00
-3.356776e+01,-8.340139e-01,7.310925e+00,1.000000e+00
-3.867549e+01,7.803745e-01,1.931583e+01,1.000000e+00
-4.089021e+01,2.059040e+00,2.037511e+01,1.000000e+00
-4.936621e+01,8.287243e+00,1.784324e+01,1.000000e+00
-5.086689e+01,9.153658e+00,1.558497e+01,1.000000e+00
-3.964841e+01,1.533237e+00,1.144728e+01,1.000000e+00
-4.437266e+01,4.260784e+00,1.422678e+01,1.000000e+00
-4.541781e+01,4.864204e+00,1.361187e+01,1.000000e+00
-4.677978e+01,5.650536e+00,1.144728e+01,1.000000e+00
-4.624725e+01,5.343081e+00,7.564860e+00,1.000000e+00
-4.541781e+01,4.864204e+00,6.607110e+00,1.000000e+00
-4.321410e+01,3.591890e+00,5.780310e+00,1.000000e+00
-4.205554e+01,2.922995e+00,5.992200e+00,1.000000e+00
-4.677978e+01,5.650536e+00,8.771700e+00,1.000000e+00
-4.437266e+01,4.260784e+00,5.992200e+00,1.000000e+00
-4.321410e+01,3.591890e+00,1.010949e+01,1.000000e+00
-4.101039e+01,2.319576e+00,6.607110e+00,1.000000e+00
-4.018095e+01,1.840700e+00,7.564860e+00,1.000000e+00
-3.144667e+01,1.926410e+00,4.269590e+01,1.000000e+00
-3.059509e+01,1.126998e+00,4.269588e+01,1.000000e+00
-3.043126e+01,3.008088e+00,4.695954e+01,1.000000e+00
-2.940027e+01,5.113375e+00,4.695954e+01,1.000000e+00
-3.154295e+01,2.830823e+00,4.269590e+01,1.000000e+00
-2.957969e+01,2.208686e+00,4.695954e+01,1.000000e+00
-2.968639e+01,1.088025e+00,4.269588e+01,1.000000e+00
-2.867099e+01,2.169713e+00,4.695954e+01,1.000000e+00
-2.754370e+01,3.370577e+00,4.695954e+01,1.000000e+00
-8.091869e+00,1.774607e+01,5.023613e+01,1.000000e+00
-1.141715e+01,1.964848e+01,5.024985e+01,1.000000e+00
-7.240574e+00,1.467907e+01,5.023613e+01,1.000000e+00
-2.506601e+01,1.448683e+01,5.024987e+01,1.000000e+00
-2.119646e+01,2.124587e+01,5.024987e+01,1.000000e+00
-1.773715e+01,2.268135e+01,5.024985e+01,1.000000e+00
-1.365798e+01,2.034765e+01,5.024985e+01,1.000000e+00
-3.829905e+00,5.382460e+00,3.961563e+01,1.000000e+00
-6.965591e+00,1.384153e+01,4.771205e+01,1.000000e+00
-3.035914e+00,1.481371e+01,3.961563e+01,1.000000e+00
-7.071772e+00,7.237144e+00,4.645350e+01,1.000000e+00
-2.359487e+01,1.890881e+01,4.814842e+01,1.000000e+00
-3.003659e+01,1.733051e+01,4.813311e+01,1.000000e+00
-5.299625e+00,1.766718e+01,4.321756e+01,1.000000e+00
-6.115691e+00,1.876886e+01,4.456034e+01,1.000000e+00
-6.032138e+00,1.801558e+01,4.419522e+01,1.000000e+00
-6.856985e+00,1.979847e+01,4.666932e+01,1.000000e+00
-6.536335e+00,1.817195e+01,4.485023e+01,1.000000e+00
-6.890753e+00,2.003593e+01,4.710924e+01,1.000000e+00
-1.189271e+01,2.483184e+01,4.622375e+01,1.000000e+00
-1.236746e+01,2.406467e+01,4.641639e+01,1.000000e+00
-1.278188e+01,2.384827e+01,4.589845e+01,1.000000e+00
-1.344369e+01,2.464454e+01,4.607337e+01,1.000000e+00
-1.294981e+01,2.471476e+01,4.628460e+01,1.000000e+00
-1.906351e+01,1.838397e+01,5.162288e+01,1.000000e+00
-1.811514e+01,1.700469e+01,5.171201e+01,1.000000e+00
-1.644547e+01,1.688618e+01,5.162288e+01,1.000000e+00
-1.716677e+01,1.562539e+01,5.162288e+01,1.000000e+00
-1.785913e+01,1.535051e+01,5.162288e+01,1.000000e+00
-1.860220e+01,1.540324e+01,5.162288e+01,1.000000e+00
-2.091848e+01,1.589166e+01,5.137313e+01,1.000000e+00
-2.015795e+01,1.478557e+01,5.137313e+01,1.000000e+00
-1.967087e+01,1.638701e+01,5.162288e+01,1.000000e+00
-1.956805e+01,1.783590e+01,5.162288e+01,1.000000e+00
-1.837115e+01,1.865886e+01,5.162288e+01,1.000000e+00
-1.723748e+01,1.989038e+01,5.137313e+01,1.000000e+00
-1.698147e+01,1.823621e+01,5.162288e+01,1.000000e+00
-1.549709e+01,1.550691e+01,5.137313e+01,1.000000e+00
-1.640623e+01,1.451930e+01,5.137313e+01,1.000000e+00
-1.765383e+01,1.402396e+01,5.137313e+01,1.000000e+00
-1.920957e+01,1.340628e+01,5.093959e+01,1.000000e+00
-2.066247e+01,1.423749e+01,5.093959e+01,1.000000e+00
-1.899280e+01,1.411899e+01,5.137313e+01,1.000000e+00
-2.161084e+01,1.561678e+01,5.093959e+01,1.000000e+00
-2.112379e+01,1.721822e+01,5.137313e+01,1.000000e+00
-2.073318e+01,1.850248e+01,5.137313e+01,1.000000e+00
-2.137980e+01,1.887240e+01,5.093959e+01,1.000000e+00
-1.982405e+01,1.949007e+01,5.137313e+01,1.000000e+00
-1.531180e+01,1.811771e+01,5.137313e+01,1.000000e+00
-1.510649e+01,1.679115e+01,5.137313e+01,1.000000e+00
-1.436343e+01,1.673841e+01,5.093959e+01,1.000000e+00
-1.598416e+01,1.390546e+01,5.093959e+01,1.000000e+00
-1.753991e+01,1.328778e+01,5.093959e+01,1.000000e+00
-2.186686e+01,1.727096e+01,5.093959e+01,1.000000e+00
-1.556780e+01,1.977187e+01,5.093959e+01,1.000000e+00
-1.485049e+01,1.513697e+01,5.093959e+01,1.000000e+00
-1.493032e+01,1.315249e+01,5.082705e+01,1.000000e+00
-1.316917e+01,1.623090e+01,5.082705e+01,1.000000e+00
-1.302319e+01,1.614740e+01,5.053578e+01,1.000000e+00
-6.243116e+00,1.033577e+01,4.760342e+01,1.000000e+00
-6.398392e+00,1.042460e+01,4.760342e+01,1.000000e+00
-6.290872e+00,1.047298e+01,4.769727e+01,1.000000e+00
-6.286045e+00,1.047516e+01,8.099708e+01,1.000000e+00
-6.259613e+00,1.048704e+01,8.996960e+01,1.000000e+00
-6.231245e+00,1.048113e+01,8.099708e+01,1.000000e+00
-7.565086e+00,7.324367e+00,4.906207e+01,1.000000e+00
-1.560230e+01,-1.452541e+00,4.572919e+01,1.000000e+00
-1.933101e+01,-1.899335e+00,5.023613e+01,1.000000e+00
-2.265631e+01,3.069878e-03,5.024985e+01,1.000000e+00
-2.266217e+01,6.419182e-03,4.572919e+01,1.000000e+00
-1.933101e+01,-1.899335e+00,4.572919e+01,1.000000e+00
-1.368234e+01,7.974238e+00,5.023613e+01,1.000000e+00
-1.625564e+01,-1.078763e+00,5.023613e+01,1.000000e+00
-1.171902e+01,6.851019e+00,5.023613e+01,1.000000e+00
-2.439472e+01,1.580412e+00,4.574487e+01,1.000000e+00
-2.847391e+01,3.914108e+00,5.024985e+01,1.000000e+00
-2.307125e+01,1.334564e+01,5.024985e+01,1.000000e+00
-1.900242e+01,1.101785e+01,5.024985e+01,1.000000e+00
-2.898969e+01,7.623760e+00,5.024987e+01,1.000000e+00
-2.439472e+01,1.580412e+00,5.024985e+01,1.000000e+00
-2.093311e+01,3.014587e+00,5.024985e+01,1.000000e+00
-2.335886e+01,-2.220946e+00,3.961563e+01,1.000000e+00
-6.512880e+00,6.927505e-01,3.961563e+01,1.000000e+00
-1.424071e+01,-4.771640e+00,3.961563e+01,1.000000e+00
-2.226209e+01,3.719320e-01,4.771205e+01,1.000000e+00
-7.903125e+00,4.667937e+00,4.645350e+01,1.000000e+00
-9.754755e+00,2.547421e+00,4.645350e+01,1.000000e+00
-3.245406e+01,1.310369e+01,4.662021e+01,1.000000e+00
-3.245406e+01,1.310369e+01,3.965987e+01,1.000000e+00
-3.099443e+01,2.147357e+00,3.961563e+01,1.000000e+00
-1.539427e+01,-8.913579e-01,4.771205e+01,1.000000e+00
-2.586359e+01,1.494314e+01,4.814841e+01,1.000000e+00
-2.765920e+01,3.995203e+00,4.814841e+01,1.000000e+00
-3.175151e+01,1.433290e+01,4.661787e+01,1.000000e+00
-3.175151e+01,1.433290e+01,4.813311e+01,1.000000e+00
-1.643796e+01,-2.235717e+00,4.343181e+01,1.000000e+00
-1.818445e+01,-4.299567e+00,4.364356e+01,1.000000e+00
-1.728725e+01,-2.319360e+00,4.450662e+01,1.000000e+00
-1.683439e+01,-1.929932e+00,4.314234e+01,1.000000e+00
-1.877628e+01,-4.425028e+00,4.316615e+01,1.000000e+00
-1.784783e+01,-4.266414e+00,4.321756e+01,1.000000e+00
-1.897295e+01,-3.856193e+00,4.476917e+01,1.000000e+00
-1.904572e+01,-3.073885e+00,4.477256e+01,1.000000e+00
-1.981649e+01,-3.931728e+00,4.409675e+01,1.000000e+00
-1.921114e+01,-4.121272e+00,4.456032e+01,1.000000e+00
-2.066548e+01,-4.375987e+00,4.647120e+01,1.000000e+00
-2.168666e+01,-4.184004e+00,4.631973e+01,1.000000e+00
-2.097590e+01,-4.406552e+00,4.686404e+01,1.000000e+00
-2.038582e+01,-4.064736e+00,4.671641e+01,1.000000e+00
-2.111413e+01,-2.920340e+00,4.687049e+01,1.000000e+00
-2.135420e+01,-4.440431e+00,4.656246e+01,1.000000e+00
-2.069624e+01,-4.095301e+00,4.710924e+01,1.000000e+00
-2.078166e+01,-3.176776e+00,4.711323e+01,1.000000e+00
-2.115715e+01,-3.811736e+00,4.696741e+01,1.000000e+00
-2.467104e+01,-1.288843e-01,4.277249e+01,1.000000e+00
-2.632409e+01,-2.286727e+00,4.168179e+01,1.000000e+00
-2.555396e+01,-2.125875e+00,4.177278e+01,1.000000e+00
-2.573780e+01,-2.152373e+00,4.228404e+01,1.000000e+00
-2.690546e+01,-1.767187e+00,4.253268e+01,1.000000e+00
-2.589532e+01,-1.654073e+00,4.290179e+01,1.000000e+00
-2.715314e+01,-1.802896e+00,4.322150e+01,1.000000e+00
-2.642725e+01,-1.965894e+00,4.347408e+01,1.000000e+00
-2.606893e+01,-1.286201e+00,4.363815e+01,1.000000e+00
-2.821795e+01,-2.022614e+00,4.592720e+01,1.000000e+00
-2.736566e+01,-2.214002e+00,4.622375e+01,1.000000e+00
-2.713793e+01,-9.734516e-01,4.636992e+01,1.000000e+00
-2.781868e+01,-2.264737e+00,4.605822e+01,1.000000e+00
-2.703191e+01,-1.889797e+00,4.636056e+01,1.000000e+00
-2.796639e+01,-1.558086e+00,4.620863e+01,1.000000e+00
-2.766691e+01,-1.739687e+00,4.630690e+01,1.000000e+00
-2.750101e+01,-1.424989e+00,4.638287e+01,1.000000e+00
-2.221616e+01,7.734673e+00,5.162288e+01,1.000000e+00
-2.377189e+01,7.117001e+00,5.171201e+01,1.000000e+00
-2.263821e+01,8.348520e+00,5.162288e+01,1.000000e+00
-2.532763e+01,6.499315e+00,5.162288e+01,1.000000e+00
-2.425895e+01,5.515553e+00,5.162288e+01,1.000000e+00
-2.282351e+01,5.737707e+00,5.162288e+01,1.000000e+00
-2.076324e+01,6.903469e+00,5.137313e+01,1.000000e+00
-2.210223e+01,6.998503e+00,5.162288e+01,1.000000e+00
-2.172908e+01,9.336112e+00,5.137313e+01,1.000000e+00
-2.328483e+01,8.718447e+00,5.162288e+01,1.000000e+00
-2.522480e+01,7.948217e+00,5.162288e+01,1.000000e+00
-2.678054e+01,7.330532e+00,5.137313e+01,1.000000e+00
-2.657524e+01,6.003984e+00,5.137313e+01,1.000000e+00
-2.464955e+01,4.231307e+00,5.137313e+01,1.000000e+00
-2.490556e+01,5.885480e+00,5.162288e+01,1.000000e+00
-2.331058e+01,4.136281e+00,5.137313e+01,1.000000e+00
-2.115385e+01,5.619209e+00,5.137313e+01,1.000000e+00
-2.096855e+01,8.230023e+00,5.137313e+01,1.000000e+00
-2.548081e+01,9.602390e+00,5.137313e+01,1.000000e+00
-2.423320e+01,1.009772e+01,5.137313e+01,1.000000e+00
-2.703655e+01,8.984705e+00,5.093959e+01,1.000000e+00
-2.638994e+01,8.614779e+00,5.137313e+01,1.000000e+00
-2.726760e+01,5.729084e+00,5.093959e+01,1.000000e+00
-2.631923e+01,4.349812e+00,5.093959e+01,1.000000e+00
-2.319665e+01,3.400096e+00,5.093959e+01,1.000000e+00
-2.206298e+01,4.631618e+00,5.137313e+01,1.000000e+00
-2.027619e+01,8.504904e+00,5.093959e+01,1.000000e+00
-2.752360e+01,7.383271e+00,5.093959e+01,1.000000e+00
-2.486632e+01,3.518594e+00,5.093959e+01,1.000000e+00
-2.319665e+01,3.400096e+00,5.024676e+01,1.000000e+00
-2.050724e+01,5.249283e+00,5.093959e+01,1.000000e+00
-2.164090e+01,4.017775e+00,5.093959e+01,1.000000e+00
-1.896506e+01,6.233057e+00,5.064622e+01,1.000000e+00
-1.896506e+01,6.233057e+00,5.034744e+01,1.000000e+00
-2.089007e+01,3.412499e+00,5.082705e+01,1.000000e+00
-2.045216e+01,3.161972e+00,5.053578e+01,1.000000e+00
-2.059812e+01,3.245482e+00,5.082705e+01,1.000000e+00
-1.869100e+01,6.240376e+00,5.053578e+01,1.000000e+00
-2.917410e+01,3.332480e+00,4.832608e+01,1.000000e+00
-2.900200e+01,3.388640e+00,4.841994e+01,1.000000e+00
-2.903232e+01,3.366691e+00,8.171976e+01,1.000000e+00
-2.903557e+01,3.395480e+00,9.069230e+01,1.000000e+00
-2.905515e+01,3.416862e+00,8.171976e+01,1.000000e+00
-1.007997e+01,2.928479e+00,4.906207e+01,1.000000e+00
-1.499922e+01,5.742790e+00,4.906207e+01,1.000000e+00
-1.665357e+01,-9.491277e-01,4.906207e+01,1.000000e+00
-8.462679e+00,4.988069e+00,4.906207e+01,1.000000e+00
-3.690968e+00,9.908755e+00,4.203945e+01,1.000000e+00
-4.276393e+00,1.176853e+01,4.203945e+01,1.000000e+00
-5.174566e+00,9.915220e+00,4.630311e+01,1.000000e+00
-4.287478e+00,9.222130e+00,4.203945e+01,1.000000e+00
-5.771063e+00,9.228586e+00,4.630311e+01,1.000000e+00
-5.169479e+00,1.108320e+01,4.630311e+01,1.000000e+00
-1.597122e+01,8.801850e+00,5.137260e+01,1.000000e+00
-1.555811e+01,9.523952e+00,5.137260e+01,1.000000e+00
-1.754431e+01,8.630242e+00,5.137260e+01,1.000000e+00
-1.632343e+01,9.189918e+00,5.187157e+01,1.000000e+00
-1.810341e+01,9.246274e+00,5.137260e+01,1.000000e+00
-1.678672e+01,8.981467e+00,5.187157e+01,1.000000e+00
-1.687586e+01,9.798620e+00,5.187157e+01,1.000000e+00
-1.646767e+01,1.051213e+01,5.187157e+01,1.000000e+00
-1.768059e+01,9.966356e+00,5.187157e+01,1.000000e+00
-1.728406e+01,9.085114e+00,5.187157e+01,1.000000e+00
-2.804036e+01,1.528818e+01,5.094036e+01,1.000000e+00
-2.803924e+01,1.529015e+01,5.138145e+01,1.000000e+00
-2.749296e+01,1.624501e+01,5.173264e+01,1.000000e+00
-2.736513e+01,1.646846e+01,5.137447e+01,1.000000e+00
-2.874731e+01,1.599604e+01,5.173697e+01,1.000000e+00
-2.770092e+01,1.588150e+01,5.187111e+01,1.000000e+00
-2.887695e+01,1.576940e+01,5.138145e+01,1.000000e+00
-3.143032e+01,8.920429e+00,4.438459e+01,1.000000e+00
-3.283463e+01,5.050133e+00,4.406928e+01,1.000000e+00
-3.248261e+01,5.665428e+00,4.429960e+01,1.000000e+00
-3.283463e+01,5.050133e+00,4.332392e+01,1.000000e+00
-3.357886e+01,5.475898e+00,4.406928e+01,1.000000e+00
-3.342143e+01,5.751059e+00,4.429960e+01,1.000000e+00
-3.322684e+01,6.091191e+00,4.429960e+01,1.000000e+00
-3.363899e+01,5.370787e+00,4.369659e+01,1.000000e+00
-3.371150e+01,1.489724e+01,4.527762e+01,1.000000e+00
-3.274391e+01,1.433860e+01,4.370316e+01,1.000000e+00
-3.274391e+01,1.433860e+01,4.059562e+01,1.000000e+00
-3.415977e+01,1.515605e+01,4.370316e+01,1.000000e+00
-3.371150e+01,1.489724e+01,4.150579e+01,1.000000e+00
-3.615667e+01,1.979838e+01,4.425468e+01,1.000000e+00
-3.635118e+01,1.946148e+01,4.331551e+01,1.000000e+00
-3.568708e+01,2.061172e+01,4.464369e+01,1.000000e+00
-3.626868e+01,2.094751e+01,4.419913e+01,1.000000e+00
-3.521749e+01,2.142508e+01,4.425468e+01,1.000000e+00
-3.615667e+01,1.979838e+01,4.237634e+01,1.000000e+00
-3.671050e+01,2.018226e+01,4.331551e+01,1.000000e+00
-3.524095e+01,1.714983e+01,4.361119e+01,1.000000e+00
-3.500615e+01,1.755651e+01,4.361119e+01,1.000000e+00
-3.524095e+01,1.714983e+01,4.314161e+01,1.000000e+00
-3.632976e+01,1.272501e+01,3.801957e+01,1.000000e+00
-4.074574e+01,1.804253e+01,3.703640e+01,1.000000e+00
-1.918485e+00,-1.916673e+01,6.651210e+00,1.000000e+00
7.235813e-01,-2.069214e+01,6.249555e+00,1.000000e+00
-5.043552e+00,-1.941635e+01,1.278411e+01,1.000000e+00
-5.670481e+00,-1.905439e+01,1.008241e+01,1.000000e+00
-5.043552e+00,-1.941635e+01,7.380720e+00,1.000000e+00
-3.330745e+00,-2.040524e+01,5.402940e+00,1.000000e+00
-9.909945e-01,-2.175610e+01,4.679025e+00,1.000000e+00
2.317889e+00,-2.366648e+01,6.261630e+00,1.000000e+00
3.061542e+00,-2.409585e+01,7.380720e+00,1.000000e+00
3.688471e+00,-2.445781e+01,1.008241e+01,1.000000e+00
3.061542e+00,-2.409585e+01,1.278411e+01,1.000000e+00
1.348735e+00,-2.310696e+01,1.476189e+01,1.000000e+00
2.201376e-01,-2.245535e+01,1.530169e+01,1.000000e+00
-9.910021e-01,-2.175611e+01,1.548581e+01,1.000000e+00
-2.202140e+00,-2.105684e+01,1.530169e+01,1.000000e+00
-3.330731e+00,-2.040525e+01,1.476189e+01,1.000000e+00
-4.299892e+00,-1.984571e+01,1.390320e+01,1.000000e+00
-8.285320e+00,-1.765957e+01,1.491215e+01,1.000000e+00
-5.511024e+00,-1.914646e+01,1.148092e+01,1.000000e+00
-9.112262e+00,-1.718213e+01,1.260688e+01,1.000000e+00
-9.394309e+00,-1.701929e+01,1.013304e+01,1.000000e+00
-9.112262e+00,-1.718213e+01,7.659195e+00,1.000000e+00
-8.285320e+00,-1.765957e+01,5.353935e+00,1.000000e+00
-5.511024e+00,-1.914646e+01,8.683920e+00,1.000000e+00
-4.299892e+00,-1.984571e+01,6.261630e+00,1.000000e+00
-5.255483e+00,-1.940884e+01,1.855395e+00,1.000000e+00
-2.202140e+00,-2.105684e+01,4.863135e+00,1.000000e+00
-1.116669e+00,-2.179839e+01,5.748301e-01,1.000000e+00
3.022150e+00,-2.418796e+01,1.855395e+00,1.000000e+00
2.201300e-01,-2.245536e+01,4.863135e+00,1.000000e+00
1.348735e+00,-2.310696e+01,5.402940e+00,1.000000e+00
4.736517e+00,-2.517775e+01,3.374370e+00,1.000000e+00
3.529026e+00,-2.436575e+01,8.683920e+00,1.000000e+00
3.529026e+00,-2.436575e+01,1.148092e+01,1.000000e+00
2.317882e+00,-2.366650e+01,1.390320e+01,1.000000e+00
3.022150e+00,-2.418796e+01,1.841068e+01,1.000000e+00
1.025737e+00,-2.303533e+01,1.936555e+01,1.000000e+00
-3.259082e+00,-2.056147e+01,1.936555e+01,1.000000e+00
-5.255483e+00,-1.940884e+01,1.841068e+01,1.000000e+00
-6.969849e+00,-1.841905e+01,1.689171e+01,1.000000e+00
-8.681999e+00,-1.653638e+01,1.543471e+01,1.000000e+00
-9.599366e+00,-1.600673e+01,1.287739e+01,1.000000e+00
-9.599366e+00,-1.600673e+01,7.388685e+00,1.000000e+00
-6.969849e+00,-1.841905e+01,3.374370e+00,1.000000e+00
-3.259082e+00,-2.056147e+01,9.005250e-01,1.000000e+00
1.647200e+00,-2.249994e+01,-1.090350e-01,1.000000e+00
1.025744e+00,-2.303531e+01,9.005250e-01,1.000000e+00
5.763736e+00,-2.487662e+01,2.635320e+00,1.000000e+00
6.051989e+00,-2.593723e+01,5.353935e+00,1.000000e+00
6.878930e+00,-2.641467e+01,7.659195e+00,1.000000e+00
8.453316e+00,-2.642945e+01,1.013304e+01,1.000000e+00
7.160975e+00,-2.657751e+01,1.013304e+01,1.000000e+00
8.140415e+00,-2.624880e+01,1.287739e+01,1.000000e+00
6.878930e+00,-2.641467e+01,1.260688e+01,1.000000e+00
6.051989e+00,-2.593723e+01,1.491215e+01,1.000000e+00
4.736517e+00,-2.517775e+01,1.689171e+01,1.000000e+00
5.763736e+00,-2.487662e+01,1.763074e+01,1.000000e+00
1.647200e+00,-2.249994e+01,2.037510e+01,1.000000e+00
-1.116656e+00,-2.179840e+01,1.969125e+01,1.000000e+00
-7.294693e-01,-2.112777e+01,2.073640e+01,1.000000e+00
-3.106150e+00,-1.975559e+01,2.037510e+01,1.000000e+00
-5.320868e+00,-1.847692e+01,1.931583e+01,1.000000e+00
-7.222685e+00,-1.737891e+01,1.763074e+01,1.000000e+00
-9.912266e+00,-1.582608e+01,1.013304e+01,1.000000e+00
-8.681999e+00,-1.653638e+01,4.831350e+00,1.000000e+00
3.861917e+00,-2.377861e+01,9.502500e-01,1.000000e+00
8.026300e+00,-2.484835e+01,4.681110e+00,1.000000e+00
7.223047e+00,-2.571916e+01,4.831350e+00,1.000000e+00
8.140415e+00,-2.624880e+01,7.388685e+00,1.000000e+00
-8.329478e+00,-1.540532e+01,1.558497e+01,1.000000e+00
9.858660e+00,-2.398116e+01,1.297230e+01,1.000000e+00
2.888997e+00,-2.302574e+01,1.144728e+01,1.000000e+00
-3.709831e+00,-1.921591e+01,1.265411e+01,1.000000e+00
-4.242372e+00,-1.890845e+01,8.771686e+00,1.000000e+00
-4.425860e+00,-1.880251e+01,1.010949e+01,1.000000e+00
-3.709831e+00,-1.921591e+01,7.564845e+00,1.000000e+00
-2.880394e+00,-1.969478e+01,6.607095e+00,1.000000e+00
-1.835240e+00,-2.029820e+01,5.992185e+00,1.000000e+00
-6.766806e-01,-2.096710e+01,5.780295e+00,1.000000e+00
2.888997e+00,-2.302574e+01,8.771700e+00,1.000000e+00
-6.766806e-01,-2.096710e+01,1.010949e+01,1.000000e+00
4.818802e-01,-2.163599e+01,5.992185e+00,1.000000e+00
1.527034e+00,-2.223941e+01,6.607095e+00,1.000000e+00
2.356470e+00,-2.271829e+01,7.564860e+00,1.000000e+00
-3.474912e+01,1.973117e+01,4.350693e+01,1.000000e+00
-4.625158e+01,2.637212e+01,4.350693e+01,1.000000e+00
-4.610454e+01,2.662680e+01,4.362873e+01,1.000000e+00
-3.460208e+01,1.998585e+01,4.362873e+01,1.000000e+00
-4.625158e+01,2.637212e+01,4.291877e+01,1.000000e+00
-4.531962e+01,2.615789e+01,4.378238e+01,1.000000e+00
-4.753479e+01,2.696976e+01,4.361484e+01,1.000000e+00
-4.531962e+01,2.615789e+01,4.356860e+01,1.000000e+00
-4.544628e+01,2.593851e+01,4.346367e+01,1.000000e+00
-4.560564e+01,2.566249e+01,4.321033e+01,1.000000e+00
-4.761856e+01,2.682466e+01,4.321033e+01,1.000000e+00
-4.503360e+01,2.665330e+01,4.321033e+01,1.000000e+00
-4.733254e+01,2.732006e+01,4.378238e+01,1.000000e+00
5.733875e+01,-1.248522e+01,3.355629e+01,1.000000e+00
-4.196698e+01,4.763951e+01,2.468286e+01,1.000000e+00
5.412449e+01,-1.805248e+01,2.347120e+01,1.000000e+00
-3.949754e+01,3.164925e+01,2.941032e+01,1.000000e+00
5.413993e+01,-1.806032e+01,2.467180e+01,1.000000e+00
-3.414323e+01,2.648414e+01,3.930453e+01,1.000000e+00
-4.057213e+01,3.018675e+01,2.912316e+01,1.000000e+00
-3.441343e+01,2.656500e+01,3.943820e+01,1.000000e+00
-3.937616e+01,2.916627e+01,3.050195e+01,1.000000e+00
-2.355408e+01,3.212985e+01,3.935905e+01,1.000000e+00
5.647927e+01,-1.397388e+01,3.933696e+01,1.000000e+00
-3.868269e+01,3.242151e+01,3.108062e+01,1.000000e+00
-3.212586e+01,3.741716e+01,3.015725e+01,1.000000e+00
-4.032866e+01,3.209198e+01,2.956176e+01,1.000000e+00
-4.901382e+01,3.277473e+01,2.569485e+01,1.000000e+00
-4.912337e+01,3.147461e+01,2.596735e+01,1.000000e+00
-4.956046e+01,3.172696e+01,2.571963e+01,1.000000e+00
-3.212447e+01,4.137685e+01,2.873710e+01,1.000000e+00
-3.196233e+01,4.044894e+01,2.897910e+01,1.000000e+00
-3.170163e+01,4.029842e+01,2.906337e+01,1.000000e+00
-3.308456e+00,2.321419e+01,3.727338e+01,1.000000e+00
6.803631e+00,1.476609e+01,3.820274e+01,1.000000e+00
7.866208e+00,1.660653e+01,3.820274e+01,1.000000e+00
1.180511e+01,1.433240e+01,3.820274e+01,1.000000e+00
1.063122e+01,1.286715e+01,3.784269e+01,1.000000e+00
7.996678e+00,1.621840e+01,3.784269e+01,1.000000e+00
1.585675e+01,1.199319e+01,3.820274e+01,1.000000e+00
1.479417e+01,1.015275e+01,3.820274e+01,1.000000e+00
1.979565e+01,9.719057e+00,3.820274e+01,1.000000e+00
1.873307e+01,7.878620e+00,3.820274e+01,1.000000e+00
1.644460e+01,1.165987e+01,3.756066e+01,1.000000e+00
2.818403e+01,4.876023e+00,3.820274e+01,1.000000e+00
2.424513e+01,7.150150e+00,3.820274e+01,1.000000e+00
2.437561e+01,6.762044e+00,3.784269e+01,1.000000e+00
-4.152121e+01,3.166345e+01,2.907930e+01,1.000000e+00
-4.140902e+01,3.101439e+01,2.907930e+01,1.000000e+00
-4.177421e+01,3.122523e+01,2.907930e+01,1.000000e+00
3.030792e+01,1.141304e+00,3.930562e+01,1.000000e+00
3.725103e+01,-2.867302e+00,3.930562e+01,1.000000e+00
1.531827e+01,7.382386e+00,4.004572e+01,1.000000e+00
1.602429e+01,6.974761e+00,4.004572e+01,1.000000e+00
1.460997e+01,4.525086e+00,4.049237e+01,1.000000e+00
1.390395e+01,4.932712e+00,4.049237e+01,1.000000e+00
2.478503e+00,1.098193e+01,4.030773e+01,1.000000e+00
-1.304373e-01,3.583386e+00,4.122565e+01,1.000000e+00
-6.548491e-01,5.554779e+00,4.105365e+01,1.000000e+00
1.039282e+01,8.081222e+00,4.013572e+01,1.000000e+00
1.091724e+01,6.109830e+00,4.030773e+01,1.000000e+00
7.783872e+00,6.826820e-01,4.105365e+01,1.000000e+00
5.814390e+00,1.511393e-01,4.122565e+01,1.000000e+00
3.347656e+00,1.555656e+01,3.935877e+01,1.000000e+00
1.871924e+01,-1.068616e+01,3.934590e+01,1.000000e+00
1.871443e+01,-1.069450e+01,4.170584e+01,1.000000e+00
2.623978e+01,2.339792e+00,3.935876e+01,1.000000e+00
1.028347e+01,1.028923e+01,4.004572e+01,1.000000e+00
1.098951e+01,9.881596e+00,4.004572e+01,1.000000e+00
8.869160e+00,7.839546e+00,4.049237e+01,1.000000e+00
9.575187e+00,7.431921e+00,4.049237e+01,1.000000e+00
5.660177e+00,1.295849e+01,4.004572e+01,1.000000e+00
6.366204e+00,1.255086e+01,4.004572e+01,1.000000e+00
4.245857e+00,1.050881e+01,4.049237e+01,1.000000e+00
4.951884e+00,1.010119e+01,4.049237e+01,1.000000e+00
8.983988e+00,-1.020551e-02,4.105365e+01,1.000000e+00
9.508413e+00,-1.981606e+00,4.122565e+01,1.000000e+00
1.545323e+01,-5.413845e+00,4.122565e+01,1.000000e+00
1.211735e+01,5.416942e+00,4.030773e+01,1.000000e+00
2.003166e+01,2.516237e+00,4.013572e+01,1.000000e+00
2.055607e+01,5.448456e-01,4.030773e+01,1.000000e+00
1.742272e+01,-4.882310e+00,4.105365e+01,1.000000e+00
1.922944e+01,1.858034e+00,4.049237e+01,1.000000e+00
2.064376e+01,4.307709e+00,4.004572e+01,1.000000e+00
1.993774e+01,4.715333e+00,4.004572e+01,1.000000e+00
1.852342e+01,2.265659e+00,4.049237e+01,1.000000e+00
2.183389e+01,6.462486e+00,3.918003e+01,1.000000e+00
5.531755e+01,-1.292855e+01,3.885609e+01,1.000000e+00
3.539042e+01,1.046218e+00,3.802059e+01,1.000000e+00
3.330767e+01,1.499475e+00,3.802059e+01,1.000000e+00
3.428461e+01,1.684641e+00,3.802059e+01,1.000000e+00
3.571851e+01,1.075792e-01,3.802059e+01,1.000000e+00
3.416570e+01,-1.075061e+00,3.802059e+01,1.000000e+00
2.110841e+01,7.737582e+00,3.874515e+01,1.000000e+00
5.413899e+01,-1.241420e+01,3.874515e+01,1.000000e+00
5.485822e+01,-1.174788e+01,3.874515e+01,1.000000e+00
5.527261e+01,-1.309924e+01,3.874515e+01,1.000000e+00
-2.396717e-01,1.925483e+01,3.869346e+01,1.000000e+00
-3.465614e-01,1.906969e+01,3.869346e+01,1.000000e+00
-3.776784e+01,4.209940e+01,2.973284e+01,1.000000e+00
-3.653194e+01,4.297873e+01,2.875343e+01,1.000000e+00
-3.796227e+01,4.161896e+01,2.873467e+01,1.000000e+00
-3.680477e+01,4.323446e+01,3.102081e+01,1.000000e+00
-3.716864e+01,4.310210e+01,3.137361e+01,1.000000e+00
-3.787933e+01,4.154121e+01,2.875343e+01,1.000000e+00
-3.815216e+01,4.179694e+01,3.102081e+01,1.000000e+00
3.957741e+01,-4.324876e+01,3.355629e+01,1.000000e+00
-3.935932e+01,4.320292e+00,3.935894e+01,1.000000e+00
-2.730006e+01,-7.713117e+00,2.467419e+01,1.000000e+00
-2.602193e+01,-5.499333e+00,3.356212e+01,1.000000e+00
-6.214501e+01,1.269010e+01,2.468286e+01,1.000000e+00
4.279166e+01,-3.768152e+01,2.347120e+01,1.000000e+00
3.825248e+01,-4.556089e+01,2.467442e+01,1.000000e+00
-4.328207e+01,2.509420e+01,2.941032e+01,1.000000e+00
-5.205602e+01,3.016481e+01,2.468284e+01,1.000000e+00
-4.034233e+01,2.766281e+00,3.356334e+01,1.000000e+00
-5.175788e+01,6.418015e+00,2.176831e+01,1.000000e+00
-3.832617e+01,-1.336782e+00,2.178946e+01,1.000000e+00
-3.820958e+01,-1.134832e+00,2.467182e+01,1.000000e+00
-5.168372e+01,6.522635e+00,2.467411e+01,1.000000e+00
-5.558913e+01,8.629990e+00,1.279842e+01,1.000000e+00
-1.512993e+01,-1.472914e+01,1.272987e+01,1.000000e+00
-3.219732e+01,-4.606027e+00,2.467182e+01,1.000000e+00
-7.371687e+00,-1.920836e+01,2.157282e+01,1.000000e+00
4.117072e+00,-2.584140e+01,2.157282e+01,1.000000e+00
6.115089e+00,-2.546397e+01,2.744753e+01,1.000000e+00
5.452157e+00,-2.661221e+01,2.467180e+01,1.000000e+00
9.766037e+00,-2.757185e+01,2.744751e+01,1.000000e+00
1.341697e+01,-2.967972e+01,2.744751e+01,1.000000e+00
9.103093e+00,-2.872008e+01,2.467180e+01,1.000000e+00
1.141895e+01,-3.005714e+01,2.140884e+01,1.000000e+00
7.768004e+00,-2.794926e+01,1.695901e+01,1.000000e+00
2.325490e+01,-3.689063e+01,2.467180e+01,1.000000e+00
2.325490e+01,-3.689063e+01,2.140882e+01,1.000000e+00
2.736220e+01,-3.926198e+01,2.467180e+01,1.000000e+00
3.238225e+01,-4.216030e+01,1.578353e+01,1.000000e+00
2.736220e+01,-3.926198e+01,1.578353e+01,1.000000e+00
-3.231391e+01,-4.807963e+00,1.272989e+01,1.000000e+00
-1.058867e+01,-6.863445e+00,7.460205e+00,1.000000e+00
-1.288128e+01,-1.083436e+01,7.460205e+00,1.000000e+00
3.238225e+01,-4.216030e+01,2.467180e+01,1.000000e+00
-4.466051e+01,1.700023e+01,3.121627e+01,1.000000e+00
-3.733768e+01,1.161036e+01,3.472369e+01,1.000000e+00
-3.991205e+01,1.649222e+01,3.930453e+01,1.000000e+00
-4.084407e+01,1.841284e+01,3.694227e+01,1.000000e+00
-3.999058e+01,1.582836e+01,3.791476e+01,1.000000e+00
-3.970703e+01,1.612384e+01,3.777351e+01,1.000000e+00
-4.011716e+01,1.668570e+01,3.943864e+01,1.000000e+00
-3.416193e+01,1.154098e+01,3.929399e+01,1.000000e+00
-3.444549e+01,1.124549e+01,3.943523e+01,1.000000e+00
-4.224759e+01,2.450207e+01,3.050223e+01,1.000000e+00
-4.536005e+01,1.987295e+01,3.054708e+01,1.000000e+00
-3.764747e+01,2.185951e+01,3.946413e+01,1.000000e+00
-4.256030e+01,2.468061e+01,3.071967e+01,1.000000e+00
4.043687e+01,-4.176012e+01,3.934973e+01,1.000000e+00
-2.525469e+01,-4.170398e+00,3.834821e+01,1.000000e+00
-2.510863e+01,-3.917424e+00,3.935742e+01,1.000000e+00
-2.617331e+01,-5.761486e+00,3.202598e+01,1.000000e+00
-3.153437e+01,-3.457788e+00,2.744753e+01,1.000000e+00
-1.446699e+01,-1.358091e+01,2.744753e+01,1.000000e+00
-6.708742e+00,-1.806013e+01,2.744753e+01,1.000000e+00
-7.371687e+00,-1.920836e+01,2.467182e+01,1.000000e+00
-4.837165e+01,9.278617e+00,3.015725e+01,1.000000e+00
-3.984873e+01,5.615914e+00,3.387709e+01,1.000000e+00
-3.984873e+01,5.615914e+00,3.355905e+01,1.000000e+00
-4.732370e+01,1.745482e+01,3.139866e+01,1.000000e+00
-5.042368e+01,2.922239e+01,2.596735e+01,1.000000e+00
-5.029696e+01,2.914922e+01,2.566928e+01,1.000000e+00
-5.216109e+01,2.722252e+01,2.571963e+01,1.000000e+00
-5.266846e+01,2.615208e+01,2.539677e+01,1.000000e+00
-4.786130e+01,1.904503e+01,2.956176e+01,1.000000e+00
-5.172400e+01,2.697017e+01,2.596735e+01,1.000000e+00
-4.404320e+01,2.555725e+01,2.958652e+01,1.000000e+00
-5.279515e+01,2.622523e+01,2.569485e+01,1.000000e+00
-5.153457e+01,6.117599e+00,2.614791e+01,1.000000e+00
-3.387723e+01,-2.277684e+00,3.203761e+01,1.000000e+00
-3.371301e+01,-2.372499e+00,3.143517e+01,1.000000e+00
-5.159819e+01,6.765627e+00,2.757829e+01,1.000000e+00
-3.389238e+01,-1.735330e+00,3.332901e+01,1.000000e+00
-3.406729e+01,-1.156623e+00,3.453008e+01,1.000000e+00
-3.385031e+01,-8.532152e-01,3.441501e+01,1.000000e+00
-5.180012e+01,7.297552e+00,2.873710e+01,1.000000e+00
-3.390307e+01,-1.251437e+00,3.392762e+01,1.000000e+00
-3.518440e+01,-7.692356e-01,3.427227e+01,1.000000e+00
-3.495694e+01,-2.112233e+00,3.123360e+01,1.000000e+00
-3.488129e+01,-3.144646e-02,3.426315e+01,1.000000e+00
-3.469624e+01,-2.262751e+00,3.131787e+01,1.000000e+00
-5.075985e+01,5.554041e+00,2.611407e+01,1.000000e+00
-5.065476e+01,7.470594e+00,2.906337e+01,1.000000e+00
-5.105107e+01,6.786594e+00,2.906158e+01,1.000000e+00
-2.457874e+01,-4.530553e+00,3.727338e+01,1.000000e+00
-2.501911e+01,-6.644786e+00,3.663129e+01,1.000000e+00
-2.224805e+01,-8.244656e+00,3.663129e+01,1.000000e+00
-2.063984e+01,-6.804680e+00,3.727338e+01,1.000000e+00
-2.560170e+01,-6.302364e+00,3.727338e+01,1.000000e+00
-2.165764e+01,-8.579470e+00,3.403247e+01,1.000000e+00
-2.166279e+01,-8.576491e+00,3.727338e+01,1.000000e+00
-2.559624e+01,-6.305514e+00,3.404724e+01,1.000000e+00
-2.501599e+01,-6.646585e+00,3.472284e+01,1.000000e+00
-2.224635e+01,-8.245638e+00,3.470994e+01,1.000000e+00
-2.520034e+01,-6.221296e+00,3.437946e+01,1.000000e+00
-2.177330e+01,-8.199901e+00,3.437946e+01,1.000000e+00
-2.102029e+01,-6.895653e+00,3.691332e+01,1.000000e+00
-1.035306e+01,-1.495020e+01,3.820274e+01,1.000000e+00
-6.999406e+00,-1.689249e+01,3.756066e+01,1.000000e+00
-5.351566e+00,-1.538387e+01,3.820274e+01,1.000000e+00
-9.770462e+00,-1.529262e+01,3.756066e+01,1.000000e+00
-6.997692e+00,-1.689348e+01,3.563929e+01,1.000000e+00
-6.414150e+00,-1.722433e+01,3.820274e+01,1.000000e+00
-1.034760e+01,-1.495335e+01,3.497661e+01,1.000000e+00
-9.767344e+00,-1.529442e+01,3.565219e+01,1.000000e+00
-9.290470e+00,-1.310975e+01,3.820274e+01,1.000000e+00
-6.409006e+00,-1.722730e+01,3.496184e+01,1.000000e+00
-9.159197e+00,-1.349648e+01,3.784269e+01,1.000000e+00
9.911203e-01,-2.150582e+01,3.756066e+01,1.000000e+00
2.058961e+00,-1.965627e+01,3.756066e+01,1.000000e+00
-1.299931e+00,-1.772309e+01,3.820274e+01,1.000000e+00
-1.779923e+00,-1.990596e+01,3.756066e+01,1.000000e+00
-7.120819e-01,-1.805640e+01,3.756066e+01,1.000000e+00
-2.362508e+00,-1.956353e+01,3.820274e+01,1.000000e+00
2.638961e+00,-1.999721e+01,3.820274e+01,1.000000e+00
1.576377e+00,-2.183766e+01,3.820274e+01,1.000000e+00
1.581533e+00,-2.184064e+01,3.496184e+01,1.000000e+00
-1.776806e+00,-1.990776e+01,3.565219e+01,1.000000e+00
-2.357051e+00,-1.956668e+01,3.497661e+01,1.000000e+00
9.928350e-01,-2.150681e+01,3.563929e+01,1.000000e+00
-1.168670e+00,-1.810981e+01,3.784269e+01,1.000000e+00
9.964782e+00,-2.668069e+01,3.820274e+01,1.000000e+00
7.088453e+00,-2.256612e+01,3.820274e+01,1.000000e+00
9.379504e+00,-2.634886e+01,3.756065e+01,1.000000e+00
6.025876e+00,-2.440656e+01,3.820274e+01,1.000000e+00
1.102736e+01,-2.484025e+01,3.820274e+01,1.000000e+00
9.381219e+00,-2.634985e+01,3.563929e+01,1.000000e+00
6.608459e+00,-2.474899e+01,3.756066e+01,1.000000e+00
6.611578e+00,-2.475079e+01,3.565219e+01,1.000000e+00
7.676301e+00,-2.289944e+01,3.756066e+01,1.000000e+00
6.031331e+00,-2.440971e+01,3.497661e+01,1.000000e+00
9.969937e+00,-2.668366e+01,3.496184e+01,1.000000e+00
9.854267e+00,-2.630411e+01,3.530883e+01,1.000000e+00
1.064677e+01,-2.493145e+01,3.784269e+01,1.000000e+00
-4.746826e+01,2.051945e+01,2.907930e+01,1.000000e+00
1.959620e+01,-3.344636e+01,2.183465e+01,1.000000e+00
2.228981e+01,-1.274647e+01,3.930562e+01,1.000000e+00
1.426107e+01,-2.665266e+01,3.930562e+01,1.000000e+00
2.120418e+01,-3.066126e+01,3.930562e+01,1.000000e+00
2.923292e+01,-1.675507e+01,3.930562e+01,1.000000e+00
-3.235082e+01,2.587080e-01,3.930564e+01,1.000000e+00
-3.395879e+01,-2.526378e+00,2.183466e+01,1.000000e+00
-4.713484e+01,1.569236e+01,3.128598e+01,1.000000e+00
-4.676964e+01,1.548152e+01,2.933459e+01,1.000000e+00
-4.676966e+01,1.548153e+01,3.128598e+01,1.000000e+00
-5.815216e+01,1.010224e+01,1.279524e+01,1.000000e+00
-5.917540e+01,1.083251e+01,1.344582e+01,1.000000e+00
3.481660e+00,-1.474975e+01,4.049237e+01,1.000000e+00
1.361312e+00,-1.679180e+01,4.004572e+01,1.000000e+00
2.067340e+00,-1.719942e+01,4.004572e+01,1.000000e+00
2.775632e+00,-1.434213e+01,4.049237e+01,1.000000e+00
-8.175871e+00,-7.472015e+00,4.030773e+01,1.000000e+00
-5.042506e+00,-2.044868e+00,4.105365e+01,1.000000e+00
-3.073017e+00,-1.513312e+00,4.122565e+01,1.000000e+00
2.628703e-01,-1.234411e+01,4.030773e+01,1.000000e+00
-7.651459e+00,-9.443407e+00,4.013572e+01,1.000000e+00
-1.706632e+00,-1.287565e+01,4.013572e+01,1.000000e+00
3.396235e+00,-6.916959e+00,4.105365e+01,1.000000e+00
2.871810e+00,-4.945559e+00,4.122565e+01,1.000000e+00
-4.177681e+00,2.522264e+00,4.170584e+01,1.000000e+00
1.118908e+01,-2.372879e+01,3.935876e+01,1.000000e+00
-1.170303e+01,-1.051202e+01,3.935877e+01,1.000000e+00
-3.673487e+00,-1.388496e+01,4.004572e+01,1.000000e+00
-2.259167e+00,-1.143528e+01,4.049237e+01,1.000000e+00
-2.259167e+00,-1.143528e+01,3.948586e+01,1.000000e+00
-1.553140e+00,-1.184291e+01,4.049237e+01,1.000000e+00
-2.967460e+00,-1.429258e+01,4.004572e+01,1.000000e+00
-7.590750e+00,-1.162333e+01,4.004572e+01,1.000000e+00
-7.590750e+00,-1.162333e+01,3.943774e+01,1.000000e+00
-6.176430e+00,-9.173652e+00,4.049237e+01,1.000000e+00
-6.882470e+00,-8.766019e+00,4.049237e+01,1.000000e+00
-8.296790e+00,-1.121569e+01,4.004572e+01,1.000000e+00
7.975997e+00,-1.836479e+01,3.939990e+01,1.000000e+00
1.462974e+00,-1.303699e+01,4.030773e+01,1.000000e+00
4.596338e+00,-7.609839e+00,4.105365e+01,1.000000e+00
1.987391e+00,-1.500840e+01,4.013572e+01,1.000000e+00
7.932205e+00,-1.844064e+01,4.013572e+01,1.000000e+00
9.901707e+00,-1.790909e+01,4.030773e+01,1.000000e+00
1.303507e+01,-1.248194e+01,4.105365e+01,1.000000e+00
1.251065e+01,-1.051054e+01,4.122565e+01,1.000000e+00
6.565834e+00,-7.078304e+00,4.122565e+01,1.000000e+00
6.686810e+00,-1.986648e+01,3.943774e+01,1.000000e+00
7.395103e+00,-1.700918e+01,4.049237e+01,1.000000e+00
5.980783e+00,-1.945885e+01,4.004572e+01,1.000000e+00
6.686810e+00,-1.986648e+01,4.004572e+01,1.000000e+00
8.101131e+00,-1.741680e+01,4.049237e+01,1.000000e+00
1.574194e+01,-3.066300e+01,3.097062e+01,1.000000e+00
1.066252e+01,-2.773040e+01,3.153864e+01,1.000000e+00
6.952893e+00,-2.515892e+01,3.243869e+01,1.000000e+00
6.824813e+00,-2.521744e+01,3.230354e+01,1.000000e+00
1.075533e+01,-2.756964e+01,3.147833e+01,1.000000e+00
4.517630e+00,-2.285243e+01,3.549526e+01,1.000000e+00
4.691721e+00,-2.282047e+01,3.557750e+01,1.000000e+00
5.419821e+00,-2.210933e+01,3.903896e+01,1.000000e+00
5.415775e+00,-2.197452e+01,3.918003e+01,1.000000e+00
1.463982e+01,-3.083423e+01,3.335950e+01,1.000000e+00
1.496792e+01,-3.177287e+01,3.335950e+01,1.000000e+00
1.810939e+01,-2.888541e+01,3.802059e+01,1.000000e+00
1.545078e+01,-2.942962e+01,3.802059e+01,1.000000e+00
1.577888e+01,-3.036826e+01,3.802059e+01,1.000000e+00
1.688467e+01,-3.100669e+01,3.802059e+01,1.000000e+00
1.607372e+01,-3.241130e+01,3.335950e+01,1.000000e+00
1.786161e+01,-3.082151e+01,3.802059e+01,1.000000e+00
1.705064e+01,-3.222612e+01,3.335950e+01,1.000000e+00
1.876191e+01,-2.926215e+01,3.802059e+01,1.000000e+00
1.635108e+01,-2.787025e+01,3.802059e+01,1.000000e+00
1.700358e+01,-2.824698e+01,3.802059e+01,1.000000e+00
4.166214e+00,-2.102777e+01,3.874515e+01,1.000000e+00
3.948768e+00,-2.198379e+01,3.874515e+01,1.000000e+00
5.240568e+00,-2.262149e+01,3.874515e+01,1.000000e+00
3.899038e+01,-4.210694e+01,3.874515e+01,1.000000e+00
3.899038e+01,-4.210694e+01,3.840321e+01,1.000000e+00
3.769858e+01,-4.146925e+01,3.874515e+01,1.000000e+00
3.880056e+01,-4.139301e+01,3.894963e+01,1.000000e+00
1.321640e+01,-3.187212e+01,2.625534e+01,1.000000e+00
-1.538604e+01,-1.535851e+01,2.625534e+01,1.000000e+00
1.429408e+01,-3.084192e+01,2.632701e+01,1.000000e+00
1.345751e+01,-3.229091e+01,2.632701e+01,1.000000e+00
1.345751e+01,-3.229091e+01,2.534841e+01,1.000000e+00
1.287368e+01,-3.213489e+01,2.632701e+01,1.000000e+00
-1.534357e+01,-1.583834e+01,2.534842e+01,1.000000e+00
-1.574828e+01,-1.537211e+01,2.534842e+01,1.000000e+00
-1.534357e+01,-1.583834e+01,2.632701e+01,1.000000e+00
-1.443091e+01,-1.425756e+01,2.632701e+01,1.000000e+00
-1.871130e+01,-1.273898e+01,1.323335e+01,1.000000e+00
-3.060076e+01,-6.119540e+00,2.464853e+01,1.000000e+00
-2.848290e+01,-2.451303e+00,3.869347e+01,1.000000e+00
-3.038782e+01,-5.750684e+00,1.323335e+01,1.000000e+00
-2.837601e+01,-2.266165e+00,3.869347e+01,1.000000e+00
-1.669949e+01,-9.254456e+00,3.869346e+01,1.000000e+00
-1.659261e+01,-9.069317e+00,3.869346e+01,1.000000e+00
-1.881736e+01,-1.292269e+01,2.464853e+01,1.000000e+00
-3.211975e+01,-5.541018e+00,1.853899e+01,1.000000e+00
-2.653916e+01,-8.085448e+00,1.853899e+01,1.000000e+00
-2.686946e+01,-8.657557e+00,1.785557e+01,1.000000e+00
-3.178943e+01,-4.968896e+00,1.785557e+01,1.000000e+00
-2.686946e+01,-8.657557e+00,1.853899e+01,1.000000e+00
-3.099042e+01,-3.584966e+00,3.191346e+01,1.000000e+00
-3.099042e+01,-3.584966e+00,3.123005e+01,1.000000e+00
-2.574012e+01,-6.701512e+00,3.123005e+01,1.000000e+00
-3.084482e+01,-3.332784e+00,3.191346e+01,1.000000e+00
-2.559453e+01,-6.449344e+00,3.191346e+01,1.000000e+00
-1.518460e+01,-1.475920e+01,8.008920e+00,1.000000e+00
-1.518460e+01,-1.475920e+01,7.453935e+00,1.000000e+00
-3.237278e+01,-4.835597e+00,7.453935e+00,1.000000e+00
-1.314743e+01,-1.123071e+01,8.008920e+00,1.000000e+00
-3.237278e+01,-4.835597e+00,8.008920e+00,1.000000e+00
-3.112909e+01,-4.170654e+00,7.716930e+00,1.000000e+00
-3.098604e+01,-4.934929e+00,7.716930e+00,1.000000e+00
-3.098604e+01,-4.934929e+00,1.257502e+01,1.000000e+00
-1.562017e+01,-1.312473e+01,7.716930e+00,1.000000e+00
-1.591535e+01,-1.363599e+01,7.716930e+00,1.000000e+00
-5.520613e+01,1.159771e+01,2.973284e+01,1.000000e+00
-5.524755e+01,1.182360e+01,2.973284e+01,1.000000e+00
-5.539114e+01,1.031362e+01,2.875343e+01,1.000000e+00
-5.585781e+01,1.045499e+01,3.100206e+01,1.000000e+00
-5.528657e+01,1.234061e+01,3.100206e+01,1.000000e+00
-5.522966e+01,1.062560e+01,2.836474e+01,1.000000e+00
-5.549994e+01,1.034657e+01,2.873467e+01,1.000000e+00
-5.581632e+01,1.080334e+01,3.137361e+01,1.000000e+00
-5.533658e+01,1.199484e+01,3.139236e+01,1.000000e+00
-5.805559e+01,1.058637e+01,1.554273e+01,1.000000e+00
-5.794438e+01,1.077899e+01,1.637286e+01,1.000000e+00
-5.686603e+01,1.098652e+01,1.678791e+01,1.000000e+00
-5.764053e+01,1.130527e+01,1.698054e+01,1.000000e+00
-5.722548e+01,1.202417e+01,1.720297e+01,1.000000e+00
-5.650658e+01,1.160911e+01,1.698054e+01,1.000000e+00
-5.712916e+01,1.053077e+01,1.626163e+01,1.000000e+00
-5.598029e+01,1.130526e+01,1.637286e+01,1.000000e+00
-5.906489e+01,1.449712e+01,1.775802e+01,1.000000e+00
-5.964013e+01,1.142114e+01,1.775802e+01,1.000000e+00
-5.876201e+01,1.430063e+01,1.747972e+01,1.000000e+00
-5.547082e+01,8.637529e+00,1.747972e+01,1.000000e+00
-5.997068e+01,1.127593e+01,1.775802e+01,1.000000e+00
-5.981326e+01,1.118505e+01,1.621124e+01,1.000000e+00
-5.531342e+01,8.546654e+00,1.621124e+01,1.000000e+00
-5.948272e+01,1.133027e+01,1.648953e+01,1.000000e+00
-5.941322e+01,1.095408e+01,1.516798e+01,1.000000e+00
-5.667370e+01,9.332016e+00,1.516798e+01,1.000000e+00
-5.673168e+01,9.365488e+00,1.413072e+01,1.000000e+00
-5.917847e+01,1.081855e+01,1.413072e+01,1.000000e+00
-3.704458e+01,1.780071e+01,3.974228e+01,1.000000e+00
-3.819610e+01,1.846554e+01,3.974228e+01,1.000000e+00
-3.333361e+01,2.418373e+01,3.974229e+01,1.000000e+00
-3.470397e+01,1.547684e+01,3.974228e+01,1.000000e+00
-3.744639e+01,1.706018e+01,3.974229e+01,1.000000e+00
4.949340e+01,-1.825486e+01,3.933086e+01,1.000000e+00
4.949340e+01,-1.825486e+01,4.091688e+01,1.000000e+00
5.072140e+01,-1.693139e+01,4.091688e+01,1.000000e+00
4.781279e+01,-1.891445e+01,4.091688e+01,1.000000e+00
4.916308e+01,-1.777036e+01,4.091688e+01,1.000000e+00
4.601241e+01,-1.877953e+01,4.091688e+01,1.000000e+00
4.618526e+01,-1.821919e+01,4.091688e+01,1.000000e+00
4.772538e+01,-1.833461e+01,4.091687e+01,1.000000e+00
4.444888e+01,-1.787683e+01,4.091688e+01,1.000000e+00
4.343184e+01,-1.638511e+01,4.091688e+01,1.000000e+00
4.374751e+01,-1.464368e+01,4.091688e+01,1.000000e+00
4.397770e+01,-1.617088e+01,4.091688e+01,1.000000e+00
4.369492e+01,-1.287465e+01,4.091688e+01,1.000000e+00
4.316276e+01,-1.459986e+01,4.091688e+01,1.000000e+00
4.420275e+01,-1.316784e+01,4.091688e+01,1.000000e+00
4.525324e+01,-1.203568e+01,3.839850e+01,1.000000e+00
4.669093e+01,-1.147143e+01,4.091688e+01,1.000000e+00
4.492291e+01,-1.155119e+01,4.091688e+01,1.000000e+00
4.669093e+01,-1.147143e+01,3.839850e+01,1.000000e+00
4.840391e+01,-1.102650e+01,4.091688e+01,1.000000e+00
4.996744e+01,-1.192921e+01,4.091688e+01,1.000000e+00
4.956860e+01,-1.235907e+01,4.091688e+01,1.000000e+00
4.823106e+01,-1.158685e+01,4.091688e+01,1.000000e+00
4.823106e+01,-1.158685e+01,3.839849e+01,1.000000e+00
5.098447e+01,-1.342092e+01,4.091688e+01,1.000000e+00
5.125356e+01,-1.520617e+01,4.091688e+01,1.000000e+00
5.066881e+01,-1.516236e+01,4.091688e+01,1.000000e+00
5.043861e+01,-1.363515e+01,4.091687e+01,1.000000e+00
5.021357e+01,-1.663819e+01,4.091688e+01,1.000000e+00
5.072140e+01,-1.693139e+01,3.933086e+01,1.000000e+00
5.645904e+01,-1.400891e+01,3.934973e+01,1.000000e+00
4.846368e+01,-2.785730e+01,3.930910e+01,1.000000e+00
3.880245e+01,-2.231252e+01,3.930910e+01,1.000000e+00
3.645230e+01,-4.208631e+00,4.113268e+01,1.000000e+00
4.419428e+01,-8.678466e+00,4.113268e+01,1.000000e+00
3.005898e+01,-5.174456e-01,3.929026e+01,1.000000e+00
2.612327e+01,-7.334291e+00,3.929026e+01,1.000000e+00
3.251659e+01,-1.102548e+01,4.113268e+01,1.000000e+00
4.025858e+01,-1.549531e+01,4.113268e+01,1.000000e+00
2.627295e+01,-9.245578e+00,3.947232e+01,1.000000e+00
1.421679e+01,-2.472994e+01,4.048436e+01,1.000000e+00
1.655399e+01,-2.607933e+01,4.048436e+01,1.000000e+00
2.393574e+01,-7.896192e+00,4.048436e+01,1.000000e+00
1.421679e+01,-2.472994e+01,3.947232e+01,1.000000e+00
2.627295e+01,-9.245578e+00,4.048436e+01,1.000000e+00
3.054353e+01,-1.171120e+01,4.048436e+01,1.000000e+00
2.820632e+01,-1.036181e+01,4.048436e+01,1.000000e+00
1.848736e+01,-2.719556e+01,4.048436e+01,1.000000e+00
3.054353e+01,-1.171120e+01,3.947232e+01,1.000000e+00
2.082457e+01,-2.854494e+01,4.048436e+01,1.000000e+00
2.522358e+01,-3.108471e+01,4.048436e+01,1.000000e+00
3.494254e+01,-1.425097e+01,4.048436e+01,1.000000e+00
3.494254e+01,-1.425097e+01,3.947231e+01,1.000000e+00
3.260534e+01,-1.290159e+01,4.048436e+01,1.000000e+00
2.726744e+01,-3.226474e+01,3.947231e+01,1.000000e+00
2.726744e+01,-3.226474e+01,4.048436e+01,1.000000e+00
2.960465e+01,-3.361412e+01,4.048436e+01,1.000000e+00
3.932361e+01,-1.678038e+01,4.048436e+01,1.000000e+00
3.698641e+01,-1.543100e+01,4.048436e+01,1.000000e+00
4.375987e+01,-1.934166e+01,4.048436e+01,1.000000e+00
3.170370e+01,-3.482602e+01,4.048436e+01,1.000000e+00
3.404090e+01,-3.617540e+01,4.048436e+01,1.000000e+00
4.142266e+01,-1.799227e+01,4.048436e+01,1.000000e+00
4.815359e+01,-2.187837e+01,4.048434e+01,1.000000e+00
3.843462e+01,-3.871212e+01,4.048434e+01,1.000000e+00
3.609742e+01,-3.736273e+01,3.947231e+01,1.000000e+00
4.581639e+01,-2.052899e+01,4.048434e+01,1.000000e+00
4.815359e+01,-2.187837e+01,3.947231e+01,1.000000e+00
1.710753e+01,-2.369161e+01,3.938819e+01,1.000000e+00
1.459229e+01,-2.551802e+01,4.073095e+01,1.000000e+00
1.568786e+01,-2.615055e+01,4.073095e+01,1.000000e+00
1.710753e+01,-2.369161e+01,4.073095e+01,1.000000e+00
1.601196e+01,-2.305909e+01,4.073095e+01,1.000000e+00
2.138700e+01,-2.616237e+01,3.938817e+01,1.000000e+00
1.887177e+01,-2.798878e+01,4.073094e+01,1.000000e+00
2.029143e+01,-2.552984e+01,4.073094e+01,1.000000e+00
1.887177e+01,-2.798878e+01,3.938817e+01,1.000000e+00
2.138700e+01,-2.616237e+01,4.073094e+01,1.000000e+00
1.996734e+01,-2.862130e+01,4.073094e+01,1.000000e+00
1.996734e+01,-2.862130e+01,3.938817e+01,1.000000e+00
2.434879e+01,-3.115093e+01,4.073094e+01,1.000000e+00
2.325323e+01,-3.051841e+01,4.073094e+01,1.000000e+00
2.576845e+01,-2.869200e+01,4.073094e+01,1.000000e+00
2.434879e+01,-3.115093e+01,3.938817e+01,1.000000e+00
2.467289e+01,-2.805948e+01,4.073094e+01,1.000000e+00
2.760786e+01,-3.303256e+01,3.938817e+01,1.000000e+00
2.760786e+01,-3.303256e+01,4.073094e+01,1.000000e+00
2.902753e+01,-3.057363e+01,4.073094e+01,1.000000e+00
2.870343e+01,-3.366509e+01,4.073094e+01,1.000000e+00
3.012310e+01,-3.120615e+01,4.073094e+01,1.000000e+00
2.870343e+01,-3.366509e+01,3.938817e+01,1.000000e+00
3.315678e+01,-3.623621e+01,4.073094e+01,1.000000e+00
3.206120e+01,-3.560368e+01,4.073094e+01,1.000000e+00
3.348087e+01,-3.314475e+01,4.073094e+01,1.000000e+00
3.206120e+01,-3.560368e+01,3.938817e+01,1.000000e+00
3.457644e+01,-3.377728e+01,4.073094e+01,1.000000e+00
3.457644e+01,-3.377728e+01,3.938817e+01,1.000000e+00
3.750722e+01,-3.874794e+01,3.938817e+01,1.000000e+00
3.641166e+01,-3.811542e+01,4.073094e+01,1.000000e+00
3.641166e+01,-3.811542e+01,3.938817e+01,1.000000e+00
3.750722e+01,-3.874794e+01,4.073094e+01,1.000000e+00
3.892688e+01,-3.628901e+01,4.073094e+01,1.000000e+00
3.892688e+01,-3.628901e+01,3.938817e+01,1.000000e+00
3.783133e+01,-3.565648e+01,4.073094e+01,1.000000e+00
5.622762e+01,-1.733486e+01,2.968298e+01,1.000000e+00
5.631427e+01,-1.667681e+01,2.968298e+01,1.000000e+00
5.504299e+01,-1.765228e+01,2.968298e+01,1.000000e+00
5.622762e+01,-1.733486e+01,3.629440e+01,1.000000e+00
5.570106e+01,-1.773891e+01,2.968298e+01,1.000000e+00
5.631427e+01,-1.667681e+01,3.629440e+01,1.000000e+00
5.570106e+01,-1.773891e+01,3.629440e+01,1.000000e+00
5.347683e+01,-1.953321e+01,2.336867e+01,1.000000e+00
5.347683e+01,-1.953321e+01,2.749287e+01,1.000000e+00
5.323749e+01,-1.939503e+01,2.336867e+01,1.000000e+00
5.323749e+01,-1.939503e+01,2.749287e+01,1.000000e+00
5.669673e+01,-1.340345e+01,2.336867e+01,1.000000e+00
5.693607e+01,-1.354163e+01,2.749287e+01,1.000000e+00
5.908200e+01,-1.158403e+01,2.397518e+01,1.000000e+00
5.819304e+01,-1.312375e+01,2.575308e+01,1.000000e+00
5.748077e+01,-1.168603e+01,2.612130e+01,1.000000e+00
5.863752e+01,-1.235389e+01,2.612130e+01,1.000000e+00
5.908200e+01,-1.158403e+01,2.575308e+01,1.000000e+00
5.819304e+01,-1.312375e+01,2.397518e+01,1.000000e+00
4.934113e+01,-2.897279e+01,3.804165e+01,1.000000e+00
4.285057e+01,-4.021476e+01,3.804165e+01,1.000000e+00
4.934113e+01,-2.897279e+01,2.424055e+01,1.000000e+00
4.503673e+01,-3.642823e+01,2.424055e+01,1.000000e+00
4.100710e+01,-4.340775e+01,2.534401e+01,1.000000e+00
4.100414e+01,-4.341288e+01,2.424055e+01,1.000000e+00
4.151643e+01,-3.958730e+01,3.855394e+01,1.000000e+00
4.808900e+01,-2.820327e+01,3.855394e+01,1.000000e+00
4.034312e+01,-4.404076e+01,2.575308e+01,1.000000e+00
3.989864e+01,-4.481061e+01,2.486414e+01,1.000000e+00
3.945416e+01,-4.558047e+01,2.397518e+01,1.000000e+00
3.829741e+01,-4.491262e+01,2.575308e+01,1.000000e+00
3.945416e+01,-4.558047e+01,2.575308e+01,1.000000e+00
3.874189e+01,-4.414275e+01,2.612130e+01,1.000000e+00
3.989864e+01,-4.481061e+01,2.612130e+01,1.000000e+00
3.927005e+01,-4.589935e+01,2.486414e+01,1.000000e+00
3.811330e+01,-4.523150e+01,2.486414e+01,1.000000e+00
-2.267760e+01,3.156501e+01,3.930566e+01,1.000000e+00
8.390026e-01,1.798770e+01,3.930566e+01,1.000000e+00
-1.505136e+01,-9.535219e+00,3.930566e+01,1.000000e+00
-3.856796e+01,4.042098e+00,3.792389e+01,1.000000e+00
-1.505136e+01,-9.535219e+00,3.792389e+01,1.000000e+00
-3.856796e+01,4.042098e+00,3.930566e+01,1.000000e+00
1.457834e+01,-3.074506e+01,1.278411e+01,1.000000e+00
1.411087e+01,-3.047516e+01,1.148091e+01,1.000000e+00
1.411087e+01,-3.047516e+01,8.683905e+00,1.000000e+00
1.457834e+01,-3.074506e+01,7.380720e+00,1.000000e+00
1.532200e+01,-3.117441e+01,6.261630e+00,1.000000e+00
1.629115e+01,-3.173395e+01,5.402940e+00,1.000000e+00
1.741975e+01,-3.238555e+01,4.863135e+00,1.000000e+00
2.193978e+01,-3.499519e+01,6.261630e+00,1.000000e+00
2.268343e+01,-3.542455e+01,7.380720e+00,1.000000e+00
2.331036e+01,-3.578651e+01,1.008241e+01,1.000000e+00
2.268343e+01,-3.542455e+01,1.278411e+01,1.000000e+00
1.984203e+01,-3.378405e+01,1.530169e+01,1.000000e+00
1.436641e+01,-3.073755e+01,1.841068e+01,1.000000e+00
1.741975e+01,-3.238555e+01,1.530169e+01,1.000000e+00
1.629116e+01,-3.173395e+01,1.476189e+01,1.000000e+00
1.532200e+01,-3.117441e+01,1.390318e+01,1.000000e+00
1.050963e+01,-2.851084e+01,1.260688e+01,1.000000e+00
1.395141e+01,-3.038310e+01,1.008241e+01,1.000000e+00
1.050963e+01,-2.851084e+01,7.659195e+00,1.000000e+00
1.636281e+01,-3.189017e+01,9.005100e-01,1.000000e+00
1.863090e+01,-3.308480e+01,4.679010e+00,1.000000e+00
1.984202e+01,-3.378406e+01,4.863135e+00,1.000000e+00
2.264404e+01,-3.551666e+01,1.855380e+00,1.000000e+00
2.435841e+01,-3.650645e+01,3.374355e+00,1.000000e+00
2.650082e+01,-3.774337e+01,7.659180e+00,1.000000e+00
2.315092e+01,-3.569445e+01,8.683905e+00,1.000000e+00
2.650081e+01,-3.774336e+01,1.260688e+01,1.000000e+00
2.315092e+01,-3.569445e+01,1.148091e+01,1.000000e+00
2.567388e+01,-3.726594e+01,1.491213e+01,1.000000e+00
2.435841e+01,-3.650645e+01,1.689171e+01,1.000000e+00
2.193977e+01,-3.499520e+01,1.390318e+01,1.000000e+00
2.097062e+01,-3.443566e+01,1.476189e+01,1.000000e+00
2.264404e+01,-3.551666e+01,1.841068e+01,1.000000e+00
1.863089e+01,-3.308482e+01,1.548581e+01,1.000000e+00
1.651575e+01,-3.108430e+01,2.037510e+01,1.000000e+00
1.636283e+01,-3.189018e+01,1.936555e+01,1.000000e+00
1.265205e+01,-2.974776e+01,1.689171e+01,1.000000e+00
1.133657e+01,-2.898827e+01,1.491215e+01,1.000000e+00
1.022759e+01,-2.834800e+01,1.013304e+01,1.000000e+00
9.709629e+00,-2.715479e+01,1.013304e+01,1.000000e+00
1.002253e+01,-2.733544e+01,7.388685e+00,1.000000e+00
1.133657e+01,-2.898827e+01,5.353935e+00,1.000000e+00
1.265205e+01,-2.974776e+01,3.374370e+00,1.000000e+00
1.436641e+01,-3.073755e+01,1.855380e+00,1.000000e+00
1.850524e+01,-3.312710e+01,5.748301e-01,1.000000e+00
2.064764e+01,-3.436401e+01,9.005100e-01,1.000000e+00
2.567387e+01,-3.726593e+01,5.353935e+00,1.000000e+00
2.776231e+01,-3.757750e+01,7.388685e+00,1.000000e+00
2.678287e+01,-3.790621e+01,1.013304e+01,1.000000e+00
2.776231e+01,-3.757750e+01,1.287738e+01,1.000000e+00
2.684494e+01,-3.704786e+01,1.543471e+01,1.000000e+00
2.064763e+01,-3.436403e+01,1.936555e+01,1.000000e+00
1.850524e+01,-3.312710e+01,1.969123e+01,1.000000e+00
1.239921e+01,-2.870761e+01,1.763074e+01,1.000000e+00
1.093990e+01,-2.786508e+01,1.543471e+01,1.000000e+00
1.430103e+01,-2.980563e+01,9.502500e-01,1.000000e+00
1.889242e+01,-3.245647e+01,-4.703400e-01,1.000000e+00
2.126909e+01,-3.382864e+01,-1.090350e-01,1.000000e+00
2.348381e+01,-3.510731e+01,9.502500e-01,1.000000e+00
2.538562e+01,-3.620532e+01,2.635320e+00,1.000000e+00
2.684494e+01,-3.704786e+01,4.831350e+00,1.000000e+00
2.807521e+01,-3.775816e+01,1.013304e+01,1.000000e+00
2.948055e+01,-3.530986e+01,7.293765e+00,1.000000e+00
2.891332e+01,-3.690747e+01,1.013304e+01,1.000000e+00
2.114893e+01,-3.356812e+01,1.361185e+01,1.000000e+00
1.591206e+01,-3.054461e+01,1.265411e+01,1.000000e+00
1.519603e+01,-3.013121e+01,1.010947e+01,1.000000e+00
1.537952e+01,-3.023715e+01,8.771686e+00,1.000000e+00
1.674150e+01,-3.102349e+01,6.607095e+00,1.000000e+00
1.894521e+01,-3.229580e+01,5.780295e+00,1.000000e+00
2.197836e+01,-3.404699e+01,7.564845e+00,1.000000e+00
2.269439e+01,-3.446039e+01,1.010947e+01,1.000000e+00
1.894521e+01,-3.229580e+01,1.010947e+01,1.000000e+00
1.537952e+01,-3.023715e+01,1.144726e+01,1.000000e+00
1.591206e+01,-3.054461e+01,7.564845e+00,1.000000e+00
1.778664e+01,-3.162690e+01,5.992185e+00,1.000000e+00
2.010378e+01,-3.296470e+01,5.992185e+00,1.000000e+00
3.025872e+01,-3.383405e+01,7.310910e+00,1.000000e+00
